1,OrientInducer_Hetero_ID001.tif
2,OrientInducer_Hetero_ID002.tif
3,OrientInducer_Hetero_ID003.tif
4,OrientInducer_Hetero_ID004.tif
5,OrientInducer_Hetero_ID005.tif
6,OrientInducer_Hetero_ID006.tif
7,OrientInducer_Hetero_ID007.tif
8,OrientInducer_Hetero_ID008.tif
9,OrientInducer_Hetero_ID009.tif
10,OrientInducer_Hetero_ID010.tif
11,OrientInducer_Hetero_ID011.tif
12,OrientInducer_Hetero_ID012.tif
13,OrientInducer_Hetero_ID013.tif
14,OrientInducer_Hetero_ID014.tif
15,OrientInducer_Hetero_ID015.tif
16,OrientInducer_Hetero_ID016.tif
17,OrientInducer_Hetero_ID017.tif
18,OrientInducer_Hetero_ID018.tif
19,OrientInducer_Hetero_ID019.tif
20,OrientInducer_Hetero_ID020.tif
21,OrientInducer_Hetero_ID021.tif
22,OrientInducer_Hetero_ID022.tif
23,OrientInducer_Hetero_ID023.tif
24,OrientInducer_Hetero_ID024.tif
25,OrientInducer_Hetero_ID025.tif
26,OrientInducer_Hetero_ID026.tif
27,OrientInducer_Hetero_ID027.tif
28,OrientInducer_Hetero_ID028.tif
29,OrientInducer_Hetero_ID029.tif
30,OrientInducer_Hetero_ID030.tif
31,OrientInducer_Hetero_ID031.tif
32,OrientInducer_Hetero_ID032.tif
33,OrientInducer_Hetero_ID033.tif
34,OrientInducer_Hetero_ID034.tif
35,OrientInducer_Hetero_ID035.tif
36,OrientInducer_Hetero_ID036.tif
37,OrientInducer_Hetero_ID037.tif
38,OrientInducer_Hetero_ID038.tif
39,OrientInducer_Hetero_ID039.tif
40,OrientInducer_Hetero_ID040.tif
41,OrientInducer_Hetero_ID041.tif
42,OrientInducer_Hetero_ID042.tif
43,OrientInducer_Hetero_ID043.tif
44,OrientInducer_Hetero_ID044.tif
45,OrientInducer_Hetero_ID045.tif
46,OrientInducer_Hetero_ID046.tif
47,OrientInducer_Hetero_ID047.tif
48,OrientInducer_Hetero_ID048.tif
49,OrientInducer_Hetero_ID049.tif
50,OrientInducer_Hetero_ID050.tif
51,OrientInducer_Hetero_ID051.tif
52,OrientInducer_Hetero_ID052.tif
53,OrientInducer_Hetero_ID053.tif
54,OrientInducer_Hetero_ID054.tif
55,OrientInducer_Hetero_ID055.tif
56,OrientInducer_Hetero_ID056.tif
57,OrientInducer_Hetero_ID057.tif
58,OrientInducer_Hetero_ID058.tif
59,OrientInducer_Hetero_ID059.tif
60,OrientInducer_Hetero_ID060.tif
61,OrientInducer_Hetero_ID061.tif
62,OrientInducer_Hetero_ID062.tif
63,OrientInducer_Hetero_ID063.tif
64,OrientInducer_Hetero_ID064.tif
65,OrientInducer_Hetero_ID065.tif
66,OrientInducer_Hetero_ID066.tif
67,OrientInducer_Hetero_ID067.tif
68,OrientInducer_Hetero_ID068.tif
69,OrientInducer_Hetero_ID069.tif
70,OrientInducer_Hetero_ID070.tif
71,OrientInducer_Hetero_ID071.tif
72,OrientInducer_Hetero_ID072.tif
73,OrientInducer_Hetero_ID073.tif
74,OrientInducer_Hetero_ID074.tif
75,OrientInducer_Hetero_ID075.tif
76,OrientInducer_Hetero_ID076.tif
77,OrientInducer_Hetero_ID077.tif
78,OrientInducer_Hetero_ID078.tif
79,OrientInducer_Hetero_ID079.tif
80,OrientInducer_Hetero_ID080.tif
81,OrientInducer_Hetero_ID081.tif
82,OrientInducer_Hetero_ID082.tif
83,OrientInducer_Hetero_ID083.tif
84,OrientInducer_Hetero_ID084.tif
85,OrientInducer_Hetero_ID085.tif
86,OrientInducer_Hetero_ID086.tif
87,OrientInducer_Hetero_ID087.tif
88,OrientInducer_Hetero_ID088.tif
89,OrientInducer_Hetero_ID089.tif
90,OrientInducer_Hetero_ID090.tif
91,OrientInducer_Hetero_ID091.tif
92,OrientInducer_Hetero_ID092.tif
93,OrientInducer_Hetero_ID093.tif
94,OrientInducer_Hetero_ID094.tif
95,OrientInducer_Hetero_ID095.tif
96,OrientInducer_Hetero_ID096.tif
97,OrientInducer_Hetero_ID097.tif
98,OrientInducer_Hetero_ID098.tif
99,OrientInducer_Hetero_ID099.tif
100,OrientInducer_Hetero_ID100.tif
101,OrientInducer_Hetero_ID101.tif
102,OrientInducer_Hetero_ID102.tif
103,OrientInducer_Hetero_ID103.tif
104,OrientInducer_Hetero_ID104.tif
105,OrientInducer_Hetero_ID105.tif
106,OrientInducer_Hetero_ID106.tif
107,OrientInducer_Hetero_ID107.tif
108,OrientInducer_Hetero_ID108.tif
109,OrientInducer_Hetero_ID109.tif
110,OrientInducer_Hetero_ID110.tif
111,OrientInducer_Hetero_ID111.tif
112,OrientInducer_Hetero_ID112.tif
113,OrientInducer_Hetero_ID113.tif
114,OrientInducer_Hetero_ID114.tif
115,OrientInducer_Hetero_ID115.tif
116,OrientInducer_Hetero_ID116.tif
117,OrientInducer_Hetero_ID117.tif
118,OrientInducer_Hetero_ID118.tif
119,OrientInducer_Hetero_ID119.tif
120,OrientInducer_Hetero_ID120.tif
121,OrientInducer_Hetero_ID121.tif
122,OrientInducer_Hetero_ID122.tif
123,OrientInducer_Hetero_ID123.tif
124,OrientInducer_Hetero_ID124.tif
125,OrientInducer_Hetero_ID125.tif
126,OrientInducer_Hetero_ID126.tif
127,OrientInducer_Hetero_ID127.tif
128,OrientInducer_Hetero_ID128.tif
129,OrientInducer_Hetero_ID129.tif
130,OrientInducer_Hetero_ID130.tif
131,OrientInducer_Hetero_ID131.tif
132,OrientInducer_Hetero_ID132.tif
133,OrientInducer_Hetero_ID133.tif
134,OrientInducer_Hetero_ID134.tif
135,OrientInducer_Hetero_ID135.tif
136,OrientInducer_Hetero_ID136.tif
137,OrientInducer_Hetero_ID137.tif
138,OrientInducer_Hetero_ID138.tif
139,OrientInducer_Hetero_ID139.tif
140,OrientInducer_Hetero_ID140.tif
141,OrientInducer_Hetero_ID141.tif
142,OrientInducer_Hetero_ID142.tif
143,OrientInducer_Hetero_ID143.tif
144,OrientInducer_Hetero_ID144.tif
145,OrientInducer_Hetero_ID145.tif
146,OrientInducer_Hetero_ID146.tif
147,OrientInducer_Hetero_ID147.tif
148,OrientInducer_Hetero_ID148.tif
149,OrientInducer_Hetero_ID149.tif
150,OrientInducer_Hetero_ID150.tif
151,OrientInducer_Hetero_ID151.tif
152,OrientInducer_Hetero_ID152.tif
153,OrientInducer_Hetero_ID153.tif
154,OrientInducer_Hetero_ID154.tif
155,OrientInducer_Hetero_ID155.tif
156,OrientInducer_Hetero_ID156.tif
157,OrientInducer_Hetero_ID157.tif
158,OrientInducer_Hetero_ID158.tif
159,OrientInducer_Hetero_ID159.tif
160,OrientInducer_Hetero_ID160.tif
161,OrientInducer_Hetero_ID161.tif
162,OrientInducer_Hetero_ID162.tif
163,OrientInducer_Hetero_ID163.tif
164,OrientInducer_Hetero_ID164.tif
165,OrientInducer_Hetero_ID165.tif
166,OrientInducer_Hetero_ID166.tif
167,OrientInducer_Hetero_ID167.tif
168,OrientInducer_Hetero_ID168.tif
169,OrientInducer_Hetero_ID169.tif
170,OrientInducer_Hetero_ID170.tif
171,OrientInducer_Hetero_ID171.tif
172,OrientInducer_Hetero_ID172.tif
173,OrientInducer_Hetero_ID173.tif
174,OrientInducer_Hetero_ID174.tif
175,OrientInducer_Hetero_ID175.tif
176,OrientInducer_Hetero_ID176.tif
177,OrientInducer_Hetero_ID177.tif
178,OrientInducer_Hetero_ID178.tif
179,OrientInducer_Hetero_ID179.tif
180,OrientInducer_Hetero_ID180.tif
181,OrientInducer_Hetero_ID181.tif
182,OrientInducer_Hetero_ID182.tif
183,OrientInducer_Hetero_ID183.tif
184,OrientInducer_Hetero_ID184.tif
185,OrientInducer_Hetero_ID185.tif
186,OrientInducer_Hetero_ID186.tif
187,OrientInducer_Hetero_ID187.tif
188,OrientInducer_Hetero_ID188.tif
189,OrientInducer_Hetero_ID189.tif
190,OrientInducer_Hetero_ID190.tif
191,OrientInducer_Hetero_ID191.tif
192,OrientInducer_Hetero_ID192.tif
193,OrientInducer_Hetero_ID193.tif
194,OrientInducer_Hetero_ID194.tif
195,OrientInducer_Hetero_ID195.tif
196,OrientInducer_Hetero_ID196.tif
197,OrientInducer_Hetero_ID197.tif
198,OrientInducer_Hetero_ID198.tif
199,OrientInducer_Hetero_ID199.tif
200,OrientInducer_Hetero_ID200.tif
201,OrientInducer_Hetero_ID201.tif
202,OrientInducer_Hetero_ID202.tif
203,OrientInducer_Hetero_ID203.tif
204,OrientInducer_Hetero_ID204.tif
205,OrientInducer_Hetero_ID205.tif
206,OrientInducer_Hetero_ID206.tif
207,OrientInducer_Hetero_ID207.tif
208,OrientInducer_Hetero_ID208.tif
209,OrientInducer_Hetero_ID209.tif
210,OrientInducer_Hetero_ID210.tif
211,OrientInducer_Hetero_ID211.tif
212,OrientInducer_Hetero_ID212.tif
213,OrientInducer_Hetero_ID213.tif
214,OrientInducer_Hetero_ID214.tif
215,OrientInducer_Hetero_ID215.tif
216,OrientInducer_Hetero_ID216.tif
217,OrientInducer_Hetero_ID217.tif
218,OrientInducer_Hetero_ID218.tif
219,OrientInducer_Hetero_ID219.tif
220,OrientInducer_Hetero_ID220.tif
221,OrientInducer_Hetero_ID221.tif
222,OrientInducer_Hetero_ID222.tif
223,OrientInducer_Hetero_ID223.tif
224,OrientInducer_Hetero_ID224.tif
225,OrientInducer_Hetero_ID225.tif
226,OrientInducer_Hetero_ID226.tif
227,OrientInducer_Hetero_ID227.tif
228,OrientInducer_Hetero_ID228.tif
229,OrientInducer_Hetero_ID229.tif
230,OrientInducer_Hetero_ID230.tif
231,OrientInducer_Hetero_ID231.tif
232,OrientInducer_Hetero_ID232.tif
233,OrientInducer_Hetero_ID233.tif
234,OrientInducer_Hetero_ID234.tif
235,OrientInducer_Hetero_ID235.tif
236,OrientInducer_Hetero_ID236.tif
237,OrientInducer_Hetero_ID237.tif
238,OrientInducer_Hetero_ID238.tif
239,OrientInducer_Hetero_ID239.tif
240,OrientInducer_Hetero_ID240.tif
241,OrientInducer_Hetero_ID241.tif
242,OrientInducer_Hetero_ID242.tif
243,OrientInducer_Hetero_ID243.tif
244,OrientInducer_Hetero_ID244.tif
245,OrientInducer_Hetero_ID245.tif
246,OrientInducer_Hetero_ID246.tif
247,OrientInducer_Hetero_ID247.tif
248,OrientInducer_Hetero_ID248.tif
249,OrientInducer_Hetero_ID249.tif
250,OrientInducer_Hetero_ID250.tif
251,OrientInducer_Hetero_ID251.tif
252,OrientInducer_Hetero_ID252.tif
253,OrientInducer_Hetero_ID253.tif
254,OrientInducer_Hetero_ID254.tif
255,OrientInducer_Hetero_ID255.tif
256,OrientInducer_Hetero_ID256.tif
257,OrientInducer_Hetero_ID257.tif
258,OrientInducer_Hetero_ID258.tif
259,OrientInducer_Hetero_ID259.tif
260,OrientInducer_Hetero_ID260.tif
261,OrientInducer_Hetero_ID261.tif
262,OrientInducer_Hetero_ID262.tif
263,OrientInducer_Hetero_ID263.tif
264,OrientInducer_Hetero_ID264.tif
265,OrientInducer_Hetero_ID265.tif
266,OrientInducer_Hetero_ID266.tif
267,OrientInducer_Hetero_ID267.tif
268,OrientInducer_Hetero_ID268.tif
269,OrientInducer_Hetero_ID269.tif
270,OrientInducer_Hetero_ID270.tif
271,OrientInducer_Hetero_ID271.tif
272,OrientInducer_Hetero_ID272.tif
273,OrientInducer_Hetero_ID273.tif
274,OrientInducer_Hetero_ID274.tif
275,OrientInducer_Hetero_ID275.tif
276,OrientInducer_Hetero_ID276.tif
277,OrientInducer_Hetero_ID277.tif
278,OrientInducer_Hetero_ID278.tif
279,OrientInducer_Hetero_ID279.tif
280,OrientInducer_Hetero_ID280.tif
281,OrientInducer_Hetero_ID281.tif
282,OrientInducer_Hetero_ID282.tif
283,OrientInducer_Hetero_ID283.tif
284,OrientInducer_Hetero_ID284.tif
285,OrientInducer_Hetero_ID285.tif
286,OrientInducer_Hetero_ID286.tif
287,OrientInducer_Hetero_ID287.tif
288,OrientInducer_Hetero_ID288.tif
289,OrientInducer_Hetero_ID289.tif
290,OrientInducer_Hetero_ID290.tif
291,OrientInducer_Hetero_ID291.tif
292,OrientInducer_Hetero_ID292.tif
293,OrientInducer_Hetero_ID293.tif
294,OrientInducer_Hetero_ID294.tif
295,OrientInducer_Hetero_ID295.tif
296,OrientInducer_Hetero_ID296.tif
297,OrientInducer_Hetero_ID297.tif
298,OrientInducer_Hetero_ID298.tif
299,OrientInducer_Hetero_ID299.tif
300,OrientInducer_Hetero_ID300.tif
301,OrientInducer_Hetero_ID301.tif
302,OrientInducer_Hetero_ID302.tif
303,OrientInducer_Hetero_ID303.tif
304,OrientInducer_Hetero_ID304.tif
305,OrientInducer_Hetero_ID305.tif
306,OrientInducer_Hetero_ID306.tif
307,OrientInducer_Hetero_ID307.tif
308,OrientInducer_Hetero_ID308.tif
309,OrientInducer_Hetero_ID309.tif
310,OrientInducer_Hetero_ID310.tif
311,OrientInducer_Hetero_ID311.tif
312,OrientInducer_Hetero_ID312.tif
313,OrientInducer_Hetero_ID313.tif
314,OrientInducer_Hetero_ID314.tif
315,OrientInducer_Hetero_ID315.tif
316,OrientInducer_Hetero_ID316.tif
317,OrientInducer_Hetero_ID317.tif
318,OrientInducer_Hetero_ID318.tif
319,OrientInducer_Hetero_ID319.tif
320,OrientInducer_Hetero_ID320.tif
321,OrientInducer_Hetero_ID321.tif
322,OrientInducer_Hetero_ID322.tif
323,OrientInducer_Hetero_ID323.tif
324,OrientInducer_Hetero_ID324.tif
325,OrientInducer_Hetero_ID325.tif
326,OrientInducer_Hetero_ID326.tif
327,OrientInducer_Hetero_ID327.tif
328,OrientInducer_Hetero_ID328.tif
329,OrientInducer_Hetero_ID329.tif
330,OrientInducer_Hetero_ID330.tif
331,OrientInducer_Hetero_ID331.tif
332,OrientInducer_Hetero_ID332.tif
333,OrientInducer_Hetero_ID333.tif
334,OrientInducer_Hetero_ID334.tif
335,OrientInducer_Hetero_ID335.tif
336,OrientInducer_Hetero_ID336.tif
337,OrientInducer_Hetero_ID337.tif
338,OrientInducer_Hetero_ID338.tif
339,OrientInducer_Hetero_ID339.tif
340,OrientInducer_Hetero_ID340.tif
341,OrientInducer_Hetero_ID341.tif
342,OrientInducer_Hetero_ID342.tif
343,OrientInducer_Hetero_ID343.tif
344,OrientInducer_Hetero_ID344.tif
345,OrientInducer_Hetero_ID345.tif
346,OrientInducer_Hetero_ID346.tif
347,OrientInducer_Hetero_ID347.tif
348,OrientInducer_Hetero_ID348.tif
349,OrientInducer_Hetero_ID349.tif
350,OrientInducer_Hetero_ID350.tif
351,OrientInducer_Hetero_ID351.tif
352,OrientInducer_Hetero_ID352.tif
353,OrientInducer_Hetero_ID353.tif
354,OrientInducer_Hetero_ID354.tif
355,OrientInducer_Hetero_ID355.tif
356,OrientInducer_Hetero_ID356.tif
357,OrientInducer_Hetero_ID357.tif
358,OrientInducer_Hetero_ID358.tif
359,OrientInducer_Hetero_ID359.tif
360,OrientInducer_Hetero_ID360.tif
361,OrientInducer_Hetero_ID361.tif
362,OrientInducer_Hetero_ID362.tif
363,OrientInducer_Hetero_ID363.tif
364,OrientInducer_Hetero_ID364.tif
365,OrientInducer_Hetero_ID365.tif
366,OrientInducer_Hetero_ID366.tif
367,OrientInducer_Hetero_ID367.tif
368,OrientInducer_Hetero_ID368.tif
369,OrientInducer_Hetero_ID369.tif
370,OrientInducer_Hetero_ID370.tif
371,OrientInducer_Hetero_ID371.tif
372,OrientInducer_Hetero_ID372.tif
373,OrientInducer_Hetero_ID373.tif
374,OrientInducer_Hetero_ID374.tif
375,OrientInducer_Hetero_ID375.tif
376,OrientInducer_Hetero_ID376.tif
377,OrientInducer_Hetero_ID377.tif
378,OrientInducer_Hetero_ID378.tif
379,OrientInducer_Hetero_ID379.tif
380,OrientInducer_Hetero_ID380.tif
381,OrientInducer_Hetero_ID381.tif
382,OrientInducer_Hetero_ID382.tif
383,OrientInducer_Hetero_ID383.tif
384,OrientInducer_Hetero_ID384.tif
385,OrientInducer_Hetero_ID385.tif
386,OrientInducer_Hetero_ID386.tif
387,OrientInducer_Hetero_ID387.tif
388,OrientInducer_Hetero_ID388.tif
389,OrientInducer_Hetero_ID389.tif
390,OrientInducer_Hetero_ID390.tif
391,OrientInducer_Hetero_ID391.tif
392,OrientInducer_Hetero_ID392.tif
393,OrientInducer_Hetero_ID393.tif
394,OrientInducer_Hetero_ID394.tif
395,OrientInducer_Hetero_ID395.tif
396,OrientInducer_Hetero_ID396.tif
397,OrientInducer_Hetero_ID397.tif
398,OrientInducer_Hetero_ID398.tif
399,OrientInducer_Hetero_ID399.tif
400,OrientInducer_Hetero_ID400.tif
401,OrientInducer_Hetero_ID401.tif
402,OrientInducer_Hetero_ID402.tif
403,OrientInducer_Hetero_ID403.tif
404,OrientInducer_Hetero_ID404.tif
405,OrientInducer_Hetero_ID405.tif
406,OrientInducer_Hetero_ID406.tif
407,OrientInducer_Hetero_ID407.tif
408,OrientInducer_Hetero_ID408.tif
409,OrientInducer_Hetero_ID409.tif
410,OrientInducer_Hetero_ID410.tif
411,OrientInducer_Hetero_ID411.tif
412,OrientInducer_Hetero_ID412.tif
413,OrientInducer_Hetero_ID413.tif
414,OrientInducer_Hetero_ID414.tif
415,OrientInducer_Hetero_ID415.tif
416,OrientInducer_Hetero_ID416.tif
417,OrientInducer_Hetero_ID417.tif
418,OrientInducer_Hetero_ID418.tif
419,OrientInducer_Hetero_ID419.tif
420,OrientInducer_Hetero_ID420.tif
421,OrientInducer_Hetero_ID421.tif
422,OrientInducer_Hetero_ID422.tif
423,OrientInducer_Hetero_ID423.tif
424,OrientInducer_Hetero_ID424.tif
425,OrientInducer_Hetero_ID425.tif
426,OrientInducer_Hetero_ID426.tif
427,OrientInducer_Hetero_ID427.tif
428,OrientInducer_Hetero_ID428.tif
429,OrientInducer_Hetero_ID429.tif
430,OrientInducer_Hetero_ID430.tif
431,OrientInducer_Hetero_ID431.tif
432,OrientInducer_Hetero_ID432.tif
433,OrientInducer_Hetero_ID433.tif
434,OrientInducer_Hetero_ID434.tif
435,OrientInducer_Hetero_ID435.tif
436,OrientInducer_Hetero_ID436.tif
437,OrientInducer_Hetero_ID437.tif
438,OrientInducer_Hetero_ID438.tif
439,OrientInducer_Hetero_ID439.tif
440,OrientInducer_Hetero_ID440.tif
441,OrientInducer_Hetero_ID441.tif
442,OrientInducer_Hetero_ID442.tif
443,OrientInducer_Hetero_ID443.tif
444,OrientInducer_Hetero_ID444.tif
445,OrientInducer_Hetero_ID445.tif
446,OrientInducer_Hetero_ID446.tif
447,OrientInducer_Hetero_ID447.tif
448,OrientInducer_Hetero_ID448.tif
449,OrientInducer_Hetero_ID449.tif
450,OrientInducer_Hetero_ID450.tif
451,OrientInducer_Hetero_ID451.tif
452,OrientInducer_Hetero_ID452.tif
453,OrientInducer_Hetero_ID453.tif
454,OrientInducer_Hetero_ID454.tif
455,OrientInducer_Hetero_ID455.tif
456,OrientInducer_Hetero_ID456.tif
457,OrientInducer_Hetero_ID457.tif
458,OrientInducer_Hetero_ID458.tif
459,OrientInducer_Hetero_ID459.tif
460,OrientInducer_Hetero_ID460.tif
461,OrientInducer_Hetero_ID461.tif
462,OrientInducer_Hetero_ID462.tif
463,OrientInducer_Hetero_ID463.tif
464,OrientInducer_Hetero_ID464.tif
465,OrientInducer_Hetero_ID465.tif
466,OrientInducer_Hetero_ID466.tif
467,OrientInducer_Hetero_ID467.tif
468,OrientInducer_Hetero_ID468.tif
469,OrientInducer_Hetero_ID469.tif
470,OrientInducer_Hetero_ID470.tif
471,OrientInducer_Hetero_ID471.tif
472,OrientInducer_Hetero_ID472.tif
473,OrientInducer_Hetero_ID473.tif
474,OrientInducer_Hetero_ID474.tif
475,OrientInducer_Hetero_ID475.tif
476,OrientInducer_Hetero_ID476.tif
477,OrientInducer_Hetero_ID477.tif
478,OrientInducer_Hetero_ID478.tif
479,OrientInducer_Hetero_ID479.tif
480,OrientInducer_Hetero_ID480.tif
481,OrientInducer_Hetero_ID481.tif
482,OrientInducer_Hetero_ID482.tif
483,OrientInducer_Hetero_ID483.tif
484,OrientInducer_Hetero_ID484.tif
485,OrientInducer_Hetero_ID485.tif
486,OrientInducer_Hetero_ID486.tif
487,OrientInducer_Hetero_ID487.tif
488,OrientInducer_Hetero_ID488.tif
489,OrientInducer_Hetero_ID489.tif
490,OrientInducer_Hetero_ID490.tif
491,OrientInducer_Hetero_ID491.tif
492,OrientInducer_Hetero_ID492.tif
493,OrientInducer_Hetero_ID493.tif
494,OrientInducer_Hetero_ID494.tif
495,OrientInducer_Hetero_ID495.tif
496,OrientInducer_Hetero_ID496.tif
497,OrientInducer_Hetero_ID497.tif
498,OrientInducer_Hetero_ID498.tif
499,OrientInducer_Hetero_ID499.tif
500,OrientInducer_Hetero_ID500.tif
